pheno,geno
51.834767887925665,WT
55.46804761568392,WT
75.14579145564036,WT
58.77559230567034,WT
59.422165086770406,WT
76.86571485571609,WT
82.53099447187043,KO
61.819265184721594,KO
68.75776577727768,KO
71.65205635880051,KO
91.68898156927354,KO
81.31776592468836,KO